Material,Heat treatment,Su,Sy,A5,Bhn,E,G,mu,Ro,pH,Desc,HV
Steel SAE 1015,as-rolled,421,314,39,126,207000,79000,0.3,7860,,,
Steel SAE 1015,normalized,424,324,37,121,207000,79000,0.3,7860,,,
Steel SAE 1015,annealed,386,284,37,111,207000,79000,0.3,7860,,,
Steel SAE 1020,as-rolled,448,331,36,143,207000,79000,0.3,7860,,,
Steel SAE 1020,normalized,441,346,35.8,131,207000,79000,0.3,7860,550,,
Steel SAE 1020,annealed,395,295,36.5,111,207000,79000,0.3,7860,,,
Steel SAE 1022,as-rolled,503,359,35,149,207000,79000,0.3,7860,,,
Steel SAE 1022,normalized,483,359,34,143,207000,79000,0.3,7860,,,
Steel SAE 1022,annealed,450,317,35,137,207000,79000,0.3,7860,,,
Steel SAE 1030,as-rolled,552,345,32,179,207000,79000,0.3,7860,,,
Steel SAE 1030,normalized,517,345,32,149,207000,79000,0.3,7860,,,
Steel SAE 1030,annealed,464,341,31,126,207000,79000,0.3,7860,,,
Steel SAE 1030,tempered at 400 F,848,648,17,495,207000,79000,0.3,7860,,,
Steel SAE 1040,as-rolled,621,414,25,201,207000,79000,0.3,7860,,,
Steel SAE 1040,normalized,590,374,28,170,207000,79000,0.3,7860,,,
Steel SAE 1040,annealed,519,353,30,149,207000,79000,0.3,7860,310,,
Steel SAE 1040,tempered at 400 F,779,593,19,262,207000,79000,0.3,7860,,,
Steel SAE 1050,as-rolled,724,414,20,229,207000,79000,0.3,7860,,,
Steel SAE 1050,normalized,748,427,20,217,207000,79000,0.3,7860,,,
Steel SAE 1050,annealed,636,365,23.7,187,207000,79000,0.3,7860,390,,
Steel SAE 1050,tempered at 600 F,979,724,14,321,207000,79000,0.3,7860,,,
Steel SAE 1060,as-rolled,814,483,17,241,207000,79000,0.3,7860,,,
Steel SAE 1060,normalized,776,421,18,229,207000,79000,0.3,7860,,,
Steel SAE 1060,annealed,626,372,22.5,179,207000,79000,0.3,7860,370,,
Steel SAE 1060,tempered at 600 F,1103,779,13,321,207000,79000,0.3,7860,600,,
Steel SAE 1080,as-rolled,965,586,12,293,207000,79000,0.3,7860,,,
Steel SAE 1080,normalized,1010,524,11,293,207000,79000,0.3,7860,,,
Steel SAE 1080,annealed,615,376,24.7,174,207000,79000,0.3,7860,360,,
Steel SAE 1080,tempered at 600 F,1303,979,12,388,207000,79000,0.3,7860,,,
Steel SAE 1095,as-rolled,965,572,9,293,207000,79000,0.3,7860,,,
Steel SAE 1095,normalized,1014,500,9.5,293,207000,79000,0.3,7860,,,
Steel SAE 1095,annealed,657,379,13,192,207000,79000,0.3,7860,,,
Steel SAE 1095,tempered at 400 F,1289,827,10,401,207000,79000,0.3,7860,,,
Steel SAE 1117,as-rolled,487,305,33,143,207000,79000,0.3,7860,,,
Steel SAE 1117,normalized,467,303,33.5,137,207000,79000,0.3,7860,,,
Steel SAE 1117,annealed,429,279,32.8,121,207000,79000,0.3,7860,,,
Steel SAE 1118,as-rolled,521,316,32,149,207000,79000,0.3,7860,,,
Steel SAE 1118,normalized,477,319,33.5,143,207000,79000,0.3,7860,,,
Steel SAE 1118,annealed,450,284,34.5,131,207000,79000,0.3,7860,,,
Steel SAE 1137,as-rolled,627,379,28,192,207000,79000,0.3,7860,,,
Steel SAE 1137,normalized,669,396,22.5,197,207000,79000,0.3,7860,,,
Steel SAE 1137,annealed,584,345,26.8,174,207000,79000,0.3,7860,,,
Steel SAE 1137,tempered at 400 F,1082,938,5,352,207000,79000,0.3,7860,,,
Steel SAE 1141,as-rolled,676,359,22,192,207000,79000,0.3,7860,,,
Steel SAE 1141,normalized,707,405,22.7,201,207000,79000,0.3,7860,,,
Steel SAE 1141,annealed,598,353,25.5,163,207000,79000,0.3,7860,,715.703703703704,
Steel SAE 1141,tempered at 400 F,1634,1213,6,461,207000,79000,0.3,7860,,,
Steel SAE 1144,as-rolled,703,421,21,212,207000,79000,0.3,7860,,,
Steel SAE 1144,normalized,667,400,21,197,207000,79000,0.3,7860,,,
Steel SAE 1144,annealed,584,346,24.8,167,207000,79000,0.3,7860,,,
Steel SAE 1144,tempered at 400 F,876,627,17,277,207000,79000,0.3,7860,,,
Steel SAE 1340,normalized,836,558,22,248,207000,79000,0.3,7860,,,
Steel SAE 1340,annealed,703,436,25.5,207,207000,79000,0.3,7860,,,
Steel SAE 1340,tempered at 400 F,1806,1593,11,505,207000,79000,0.3,7860,,,
Steel SAE 3140,normalized,891,600,19.7,262,207000,79000,0.3,7860,,,
Steel SAE 3140,annealed,689,422,24.5,197,207000,79000,0.3,7860,,,
Steel SAE 4037,tempered at 400 F,1027,758,6,310,207000,79000,0.3,7860,,,
Steel SAE 4042,tempered at 400 F,1800,1662,12,516,207000,79000,0.3,7860,,,
Steel SAE 4130,normalized,669,436,25.5,197,207000,79000,0.3,7860,,,
Steel SAE 4130,annealed,560,360,28.2,156,207000,79000,0.3,7860,,,
Steel SAE 4130,tempered at 400 F,1627,1462,10,467,207000,79000,0.3,7860,,,
Steel SAE 4140,normalized,1020,655,17.7,302,207000,79000,0.3,7860,,,
Steel SAE 4140,annealed,655,417,25.7,197,207000,79000,0.3,7860,,,
Steel SAE 4140,tempered at 400 F,1772,1641,8,510,207000,79000,0.3,7860,,,
Steel SAE 4150,normalized,1155,734,11.7,321,207000,79000,0.3,7860,,,
Steel SAE 4150,annealed,729,379,20.2,197,207000,79000,0.3,7860,,,
Steel SAE 4150,tempered at 400 F,1931,1724,10,530,207000,79000,0.3,7860,,,
Steel SAE 4320,normalized,793,464,20.8,235,207000,79000,0.3,7860,,,
Steel SAE 4320,annealed,579,425,29,163,207000,79000,0.3,7860,,,
Steel SAE 4340,normalized,1279,862,12.2,363,207000,79000,0.3,7860,,,
Steel SAE 4340,annealed,745,472,22,217,207000,79000,0.3,7860,,,
Steel SAE 4340,tempered at 400 F,1875,1675,10,520,207000,79000,0.3,7860,,,
Steel SAE 4620,normalized,574,366,29,174,207000,79000,0.3,7860,,,
Steel SAE 4620,annealed,512,372,31.3,149,207000,79000,0.3,7860,,,
Steel SAE 4820,normalized,755,484,24,229,207000,79000,0.3,7860,,,
Steel SAE 4820,annealed,681,464,22.3,197,207000,79000,0.3,7860,420,,
Steel SAE 5046,tempered at 400 F,1744,1407,9,482,207000,79000,0.3,7860,,,
Steel SAE 5130,tempered at 400 F,1613,1517,10,475,207000,79000,0.3,7860,900,,
Steel SAE 5140,normalized,793,472,22.7,229,207000,79000,0.3,7860,470,,
Steel SAE 5140,annealed,572,293,28.6,167,207000,79000,0.3,7860,,,
Steel SAE 5140,tempered at 400 F,1793,1641,9,490,207000,79000,0.3,7860,930,,
Steel SAE 5150,normalized,870,529,20.7,255,207000,79000,0.3,7860,,,
Steel SAE 5150,annealed,676,357,22,197,207000,79000,0.3,7860,,,
Steel SAE 5150,tempered at 400 F,1944,1731,5,525,207000,79000,0.3,7860,,,
Steel SAE 5160,normalized,957,531,17.5,269,207000,79000,0.3,7860,,,
Steel SAE 5160,annealed,722,276,17.2,197,207000,79000,0.3,7860,,,
Steel SAE 5160,tempered at 400 F,2220,1793,4,627,207000,79000,0.3,7860,,,
Steel SAE 6150,normalized,939,615,21.8,269,207000,79000,0.3,7860,,,
Steel SAE 6150,annealed,667,412,23,197,207000,79000,0.3,7860,,,
Steel SAE 6150,tempered at 400 F,1931,1689,8,538,207000,79000,0.3,7860,,,
Steel SAE 8620,normalized,633,357,26.3,183,207000,79000,0.3,7860,,,
Steel SAE 8620,annealed,536,385,31.3,149,207000,79000,0.3,7860,,,
Steel SAE 8630,normalized,650,429,23.5,187,207000,79000,0.3,7860,,,
Steel SAE 8630,annealed,564,372,29,156,207000,79000,0.3,7860,,,
Steel SAE 8630,tempered at 400 F,1641,1503,9,465,207000,79000,0.3,7860,,,
Steel SAE 8640,tempered at 400 F,1862,1669,10,505,207000,79000,0.3,7860,,,
Steel SAE 8650,normalized,1024,688,14,302,207000,79000,0.3,7860,,,
Steel SAE 8650,annealed,715,386,22.5,212,207000,79000,0.3,7860,,,
Steel SAE 8650,tempered at 400 F,1937,1675,10,525,207000,79000,0.3,7860,,,
Steel SAE 8660,tempered at 800 F,1634,1551,13,460,207000,79000,0.3,7860,,,
Steel SAE 8740,normalized,929,607,16,269,207000,79000,0.3,7860,,,
Steel SAE 8740,annealed,695,415,22.2,201,207000,79000,0.3,7860,,,
Steel SAE 8740,tempered at 400 F,1999,1655,10,578,207000,79000,0.3,7860,,,
Steel SAE 9255,normalized,933,579,19.7,269,207000,79000,0.3,7860,,,
Steel SAE 9255,annealed,774,486,21.7,229,207000,79000,0.3,7860,,,
Steel SAE 9255,tempered at 400 F,2103,2048,1,601,207000,79000,0.3,7860,,,
Steel SAE 9260,tempered at 800 F,1758,1503,8,470,207000,79000,0.3,7860,,,
Steel SAE 9310,normalized,907,571,18.8,269,207000,79000,0.3,7860,,,
Steel SAE 9310,annealed,820,440,17.3,241,207000,79000,0.3,7860,,,
Steel SAE 30201,annealed,793,379,55,,193000,743000,0.3,8030,,stainless,
Steel SAE 30201,1/4-hard,862,517,20,,193000,743000,0.3,8030,,stainless,
Steel SAE 30201,1/2-hard,1034,758,10,,193000,743000,0.3,8030,,stainless,
Steel SAE 30201,3/4-hard,1207,931,5,,193000,743000,0.3,8030,,stainless,
Steel SAE 30201,Full-hard,1276,965,4,,193000,743000,0.3,8030,,stainless,
Steel SAE 30202,annealed,724,379,55,,193000,743000,0.3,8030,,stainless,
Steel SAE 30202,1/4-hard,862,517,12,,193000,743000,0.3,8030,,stainless,
Steel SAE 30301,annealed,758,276,60,165,193000,743000,0.3,8030,,stainless,
Steel SAE 30301,1/4-hard,862,517,25,,193000,743000,0.3,8030,,stainless,
Steel SAE 30301,1/2-hard,1034,758,15,,193000,743000,0.3,8030,,stainless,
Steel SAE 30301,3/4-hard,1207,931,12,,193000,743000,0.3,8030,,stainless,
Steel SAE 30301,Full-hard,1276,965,8,,193000,743000,0.3,8030,,stainless,
Steel SAE 30302,annealed,621,255,55,155,193000,743000,0.3,8030,,stainless,
Steel SAE 30302,1/4-hard,862,517,12,,193000,743000,0.3,8030,,stainless,
Steel SAE 30302B,annealed,655,276,50,165,193000,743000,0.3,8030,,stainless,
Steel SAE 30303,annealed,621,241,50,160,193000,743000,0.3,8030,,stainless,
Steel SAE 30304,annealed,586,241,55,150,193000,743000,0.3,8030,,stainless,
Steel SAE 30304L,annealed,552,207,55,140,193000,743000,0.3,8030,,stainless,
Steel SAE 30305,annealed,586,255,55,156,193000,743000,0.3,8030,,stainless,
Steel SAE 30308,annealed,586,241,55,150,193000,743000,0.3,8030,,stainless,
Steel SAE 30309,annealed,621,276,45,165,193000,743000,0.3,8030,,stainless,
Steel SAE 30310,annealed,655,276,45,170,193000,743000,0.3,8030,,stainless,
Steel SAE 30314,annealed,689,345,45,170,193000,743000,0.3,8030,,stainless,
Steel SAE 30316,annealed,586,241,55,150,193000,743000,0.3,8030,,stainless,
Steel SAE 30316L,annealed,538,207,55,145,193000,743000,0.3,8030,,stainless,
Steel SAE 30317,annealed,621,276,50,160,193000,743000,0.3,8030,,stainless,
Steel SAE 30321,annealed,600,241,55,150,193000,743000,0.3,8030,,stainless,
Steel SAE 30347,annealed,634,241,50,160,193000,743000,0.3,8030,,stainless,
Steel SAE 30348,annealed,634,241,50,160,193000,743000,0.3,8030,,stainless,
Steel SAE 51403,annealed,517,276,30,155,200000,769000,0.3,8030,,stainless,
Steel SAE 51403,tempered at 400 F,1310,1000,15,390,200000,769000,0.3,8030,,stainless,
Steel SAE 51405,annealed,483,276,30,150,200000,769000,0.3,8030,,stainless,
Steel SAE 51410,annealed,517,276,30,155,200000,769000,0.3,8030,,stainless,
Steel SAE 51410,tempered at 400 F,1310,1000,15,390,200000,769000,0.3,8030,,stainless,
Steel SAE 51414,annealed,827,655,17,235,200000,769000,0.3,8030,,stainless,
Steel SAE 51414,tempered at 400 F,1379,1034,15,415,200000,769000,0.3,8030,,stainless,
Steel SAE 51416,annealed,517,276,30,155,200000,769000,0.3,8030,,stainless,
Steel SAE 51416,tempered at 400 F,1310,1000,15,390,200000,769000,0.3,8030,,stainless,
Steel SAE 51420,annealed,655,345,25,195,200000,769000,0.3,8030,,stainless,
Steel SAE 51420,tempered at 600 F,1586,1344,8,500,200000,769000,0.3,8030,,stainless,
Steel SAE 51430,annealed,517,310,30,155,200000,769000,0.3,8030,,stainless,
Steel SAE 51430F,annealed,552,379,25,170,200000,769000,0.3,8030,,stainless,
Steel SAE 51431,annealed,862,655,20,260,200000,769000,0.3,8030,,stainless,
Steel SAE 51431,tempered at 400 F,1413,1069,15,415,200000,769000,0.3,8030,,stainless,
Steel SAE 51440A,annealed,724,414,20,215,200000,769000,0.3,8030,,stainless,
Steel SAE 51440A,tempered at 600 F,1793,1655,5,510,200000,769000,0.3,8030,,stainless,
Steel SAE 51440C,annealed,758,448,13,230,200000,769000,0.3,8030,,stainless,
Steel SAE 51440C,tempered at 600 F,1965,1896,2,580,200000,769000,0.3,8030,,stainless,
Steel SAE 51446,annealed,552,345,23,170,200000,769000,0.3,8030,,stainless,
Steel SAE 51501,annealed,483,207,28,160,200000,769000,0.3,8030,,stainless,
Steel SAE 51502,annealed,483,207,30,150,200000,769000,0.3,8030,,stainless,
Grey cast iron class 20,,138,138,,,80000,32000,0.25,7160,248,,
Grey cast iron class 25,,172,172,,,98000,39000,0.25,7160,303,,
Grey cast iron class 30,,207,207,,,100000,40000,0.25,7160,331,,
Grey cast iron class 35,,241,241,,,110000,44000,0.25,7160,386,,
Grey cast iron class 40,,276,276,,,117000,47000,0.25,7160,427,,
Grey cast iron class 50,,345,345,,,124000,50000,0.25,7160,517,,
Grey cast iron class 60,,414,414,,,137000,55000,0.25,7160,593,,
Malleable cast iron,,276,207,,,172000,68000,0.27,7160,207,,
Malleable cast iron,,414,317,,,172000,68000,0.27,7160,310,,
Malleable cast iron,,552,427,,,172000,68000,0.27,7160,414,,
Malleable cast iron,,689,538,,,172000,68000,0.27,7160,517,,
Nodular cast iron,,414,276,,,159000,66000,0.2,7160,331,,
Nodular cast iron,,552,365,,,159000,66000,0.2,7160,441,,
Nodular cast iron,,689,455,,,159000,66000,0.2,7160,552,,
Nodular cast iron,,827,552,,,159000,66000,0.2,7160,662,,
Copper Alloy C80100,,172,62,40,,108000,40000,0.35,8930,,,
High-Copper Alloy C81300,,365,248,11,,108000,40000,0.35,8930,,,
High-Copper Alloy C81500,,352,276,17,,108000,40000,0.35,8930,,,
High-Copper Alloy C81700,,634,469,8,,108000,40000,0.35,8930,,,
Red brass C83300,,221,69,35,,100000,37000,0.34,8500,,,
Red brass C83400,,241,69,30,,100000,37000,0.34,8500,,,
Red brass C83600,,255,117,30,,100000,37000,0.34,8500,,,
Red brass C83800,,241,110,25,,100000,37000,0.34,8500,,,
Semi-red Brass C84200,,241,97,27,,100000,37000,0.34,8500,,,
Semi-red Brass C84400,,234,97,26,,100000,37000,0.34,8500,,,
Semi-red Brass C84500,,241,97,28,,100000,37000,0.34,8500,,,
Semi-red Brass C84800,,241,97,30,,100000,37000,0.34,8500,,,
Yellow Brass C85200,,262,90,35,,100000,37000,0.34,8500,,,
Yellow Brass C85400,,234,83,35,,100000,37000,0.34,8500,,,
Yellow Brass C85500,,414,159,40,,100000,37000,0.34,8500,,,
Yellow Brass C85700,,345,124,40,,100000,37000,0.34,8500,,,
Yellow Brass C85800,,379,207,15,,100000,37000,0.34,8500,,,
Manganese Bronze C86100,,655,345,20,,120000,45000,0.31,8800,,,
Manganese Bronze C86200,,655,331,20,,120000,45000,0.31,8800,,,
Manganese Bronze C86300,,793,572,15,,120000,45000,0.31,8800,,,
Manganese Bronze C86400,,448,172,20,,120000,45000,0.31,8800,,,
Manganese Bronze C86500,,490,193,30,,120000,45000,0.31,8800,,,
Manganese Bronze C86700,,586,290,20,,120000,45000,0.31,8800,,,
Manganese Bronze C86800,,565,262,22,,120000,45000,0.31,8800,,,
Silicon Brass C87200,,379,172,30,,120000,45000,0.31,8800,,,
Silicon Bronze C87400,,379,165,30,,120000,45000,0.31,8800,,,
Silicon Bronze C87500,,462,207,21,,120000,45000,0.31,8800,,,
Silicon Bronze C87600,,455,221,20,,120000,45000,0.31,8800,,,
Silicon Bronze C87800,,586,345,25,,120000,45000,0.31,8800,,,
Silicon Bronze C87900,,483,241,25,,120000,45000,0.31,8800,,,
Tin Bronze C90200,,262,110,30,,120000,45000,0.31,8800,,,
Tin Bronze C90300,,310,145,30,,120000,45000,0.31,8800,,,
Tin Bronze C90500,,310,152,25,,120000,45000,0.31,8800,,,
Tin Bronze C90700,,303,152,20,,120000,45000,0.31,8800,,,
Tin Bronze C90900,,276,138,15,,120000,45000,0.31,8800,,,
Tin Bronze C91000,,221,172,2,,120000,45000,0.31,8800,,,
Tin Bronze C91100,,241,172,2,,120000,45000,0.31,8800,,,
Tin Bronze C91300,,241,207,0.5,,120000,45000,0.31,8800,,,
Tin Bronze C91600,,303,152,16,,120000,45000,0.31,8800,,,
Tin Bronze C91700,,303,152,16,,120000,45000,0.31,8800,,,
Leaded Tin Bronze C92200,,276,138,30,,120000,45000,0.31,8800,,,
Leaded Tin Bronze C92300,,276,138,25,,120000,45000,0.31,8800,,,
Leaded Tin Bronze C92500,,303,138,20,,120000,45000,0.31,8800,,,
Leaded Tin Bronze C92600,,303,138,30,,120000,45000,0.31,8800,,,
Leaded Tin Bronze C92700,,290,145,20,,120000,45000,0.31,8800,,,
Leaded Tin Bronze C92800,,276,207,1,,120000,45000,0.31,8800,,,
Leaded Tin Bronze C92900,,324,179,20,,120000,45000,0.31,8800,,,
High Leaded Tin Bronze C93200,,241,124,20,,120000,45000,0.31,8800,,,
High Leaded Tin Bronze C93400,,221,110,20,,120000,45000,0.31,8800,,,
High Leaded Tin Bronze C93500,,221,110,20,,120000,45000,0.31,8800,,,
High Leaded Tin Bronze C93700,,241,124,20,,120000,45000,0.31,8800,,,
High Leaded Tin Bronze C93800,,207,110,18,,120000,45000,0.31,8800,,,
High Leaded Tin Bronze C93900,,221,152,7,,120000,45000,0.31,8800,,,
High Leaded Tin Bronze C94300,,186,90,15,,120000,45000,0.31,8800,,,
High Leaded Tin Bronze C94400,,221,110,18,,120000,45000,0.31,8800,,,
High Leaded Tin Bronze C94500,,172,83,12,,120000,45000,0.31,8800,,,
Nickel-Tin Bronze C94700,,345,159,35,,120000,45000,0.31,8800,,,
Nickel-Tin Bronze C94800,,310,159,35,,120000,45000,0.31,8800,,,
Aluminum Bronze C95200,,552,186,35,,120000,45000,0.32,8800,,,
Aluminum Bronze C95300,,517,186,25,,120000,45000,0.32,8800,,,
Aluminum Bronze C95400,,586,241,18,,120000,45000,0.32,8800,,,
Aluminum Bronze C95500,,689,303,12,,120000,45000,0.32,8800,,,
Aluminum Bronze C95600,,517,234,18,,120000,45000,0.32,8800,,,
Aluminum Bronze C95700,,655,310,26,,120000,45000,0.32,8800,,,
Aluminum Bronze C95800,,655,262,25,,120000,45000,0.32,8800,,,
Copper-Nickel C96200,,310,172,20,,100000,37000,0.34,8500,,,
Copper-Nickel C96300,,517,379,10,,100000,37000,0.34,8500,,,
Copper-Nickel C96400,,469,255,28,,100000,37000,0.34,8500,,,
Copper-Nickel C96600,,758,483,7,,100000,37000,0.34,8500,,,
Nickel Silver C97300,,241,117,20,,100000,37000,0.34,8500,,,
Nickel Silver C97400,,262,117,20,,100000,37000,0.34,8500,,,
Nickel Silver C97600,,310,165,20,,100000,37000,0.34,8500,,,
Nickel Silver C97800,,379,207,15,,100000,37000,0.34,8500,,,
Special Alloy C99300,,655,379,2,,100000,37000,0.34,8500,,,
Special Alloy C99400,,455,234,25,,100000,37000,0.34,8500,,,
Special Alloy C99500,,483,276,12,,100000,37000,0.34,8500,,,
Special Alloy C99700,,379,172,25,,100000,37000,0.34,8500,,,
Special Alloy C99750,,448,221,30,,100000,37000,0.34,8500,,,
Copper Alloy C10100,,221,69,55,,108000,40000,0.35,8930,,,
Copper Alloy C15000,,200,41,54,,108000,40000,0.35,8930,,,
Copper Alloy C15500,,276,124,40,,108000,40000,0.35,8930,,,
Copper Alloy C15715,,359,303,27,,108000,40000,0.35,8930,,,
Copper Alloy C15720,,441,372,25,,108000,40000,0.35,8930,,,
Copper Alloy C15760,,483,448,22,,108000,40000,0.35,8930,,,
Copper Alloy C16200,,241,48,57,,108000,40000,0.35,8930,,,
Copper Alloy C16500,,276,97,53,,108000,40000,0.35,8930,,,
Copper Alloy C17000,,483,221,45,,108000,40000,0.35,8930,,,
Copper Alloy C17300,,469,172,48,,108000,40000,0.35,8930,,,
Copper Alloy C17500,,310,172,28,,108000,40000,0.35,8930,,,
Copper Alloy C18200,,234,97,40,,108000,40000,0.35,8930,,,
Copper Alloy C18900,,262,62,48,,108000,40000,0.35,8930,,,
Copper Alloy C19000,,262,138,50,,108000,40000,0.35,8930,,,
Copper Alloy C19100,,248,69,27,,108000,40000,0.35,8930,,,
Copper Alloy C19200,,255,76,40,,108000,40000,0.35,8930,,,
Copper Alloy C19400,,310,165,32,,108000,40000,0.35,8930,,,
Copper Alloy C19500,,552,448,15,,108000,40000,0.35,8930,,,
Copper Alloy C21000,,234,69,45,,108000,40000,0.35,8930,,,
Commercial bronze C22000,,255,69,50,,105000,40000,0.32,8800,,,
Red brass C23000,,269,69,55,,105000,40000,0.32,8800,,,
Low brass C24000,,290,83,55,,105000,40000,0.32,8800,,,
Cartridge brass C26000,,303,76,66,,105000,40000,0.32,8800,,,
Yellow brass C26800,,317,97,65,,105000,40000,0.32,8800,,,
Muntz metal C28000,,372,145,52,,105000,40000,0.32,8800,,,
Leaded commercial bronze C31400,,255,83,45,,105000,40000,0.32,8800,,,
Low-leaded brass C33000,,324,103,60,,105000,40000,0.32,8800,,,
High-leaded brass C34200,,338,117,52,,105000,40000,0.32,8800,,,
Medium-leaded brass C35000,,310,90,66,,105000,40000,0.32,8800,,,
Leaded Muntz metal C36500,As hot rolled,372,138,45,,105000,40000,0.32,8800,,,
Architectural bronze C38500,As extruded,414,138,30,,105000,40000,0.32,8800,,,
Copper Alloy C40500,,269,83,49,,105000,40000,0.32,8800,,,
Copper Alloy C40800,,290,90,43,,105000,40000,0.32,8800,,,
Copper Alloy C41100,,269,76,43,,105000,40000,0.32,8800,,,
Copper Alloy C41300,,283,83,45,,105000,40000,0.32,8800,,,
Copper Alloy C41500,,317,117,44,,105000,40000,0.32,8800,,,
Copper Alloy C42200,,296,103,46,,105000,40000,0.32,8800,,,
Copper Alloy C42500,,310,124,49,,105000,40000,0.32,8800,,,
Copper Alloy C43000,,317,124,55,,105000,40000,0.32,8800,,,
Copper Alloy C43400,,310,103,49,,105000,40000,0.32,8800,,,
Copper Alloy C43500,,317,110,46,,105000,40000,0.32,8800,,,
Copper Alloy C44300,,331,124,65,,105000,40000,0.32,8800,,,
Copper Alloy C46400,,379,172,50,,105000,40000,0.32,8800,,,
Copper Alloy C48200,,386,172,43,,105000,40000,0.32,8800,,,
Copper Alloy C48500,,393,172,40,,105000,40000,0.32,8800,,,
Copper Alloy C50500,,276,97,48,,105000,40000,0.32,8800,,,
Copper Alloy C51000,,324,131,64,,105000,40000,0.32,8800,,,
Copper Alloy C51100,,317,345,48,,105000,40000,0.32,8800,,,
Copper Alloy C52100,,379,165,70,,105000,40000,0.32,8800,,,
Copper Alloy C52400,,455,193,70,,105000,40000,0.32,8800,,,
Copper Alloy C54400,,303,131,50,,105000,40000,0.32,8800,,,
Copper Alloy C60800,,414,186,55,,105000,40000,0.32,8800,,,
Copper Alloy C61000,,359,117,45,,105000,40000,0.32,8800,,,
Copper Alloy C61300,,483,207,42,,105000,40000,0.32,8800,,,
Copper Alloy C61400,,524,228,45,,105000,40000,0.32,8800,,,
Copper Alloy C61500,,483,152,55,,105000,40000,0.32,8800,,,
Copper Alloy C61800,,552,269,28,,105000,40000,0.32,8800,,,
Copper Alloy C61900,,634,338,30,,105000,40000,0.32,8800,,,
Copper Alloy C62300,,517,241,35,,105000,40000,0.32,8800,,,
Copper Alloy C62400,,621,276,18,,105000,40000,0.32,8800,,,
Copper Alloy C62500,As extruded,689,379,21,,105000,40000,0.32,8800,,,
Copper Alloy C63000,,621,345,20,,105000,40000,0.32,8800,,,
Copper Alloy C63200,,621,310,25,,105000,40000,0.32,8800,,,
Copper Alloy C63800,,565,372,36,,105000,40000,0.32,8800,,,
Copper Alloy C64200,,517,241,32,,105000,40000,0.32,8800,,,
Copper Alloy C65100,,276,103,55,,105000,40000,0.32,8800,,,
Copper Alloy C65500,,386,145,63,,105000,40000,0.32,8800,,,
Copper Alloy C66700,,316,83,60,,105000,40000,0.32,8800,,,
Copper Alloy C67400,,483,234,28,,105000,40000,0.32,8800,,,
Copper Alloy C67500,,448,207,33,,105000,40000,0.32,8800,,,
Copper Alloy C68700,,414,186,55,,105000,40000,0.32,8800,,,
Copper Alloy C68800,,565,379,36,,105000,40000,0.32,8800,,,
Copper Alloy C69000,,565,359,35,,105000,40000,0.32,8800,,,
Copper Alloy C69400,,552,276,25,,105000,40000,0.32,8800,,,
Copper Alloy C70400,,262,276,46,,105000,40000,0.32,8800,,,
Copper Alloy C70600,,303,110,42,,105000,40000,0.32,8800,,,
Copper Alloy C71000,,338,90,40,,105000,40000,0.32,8800,,,
Copper Alloy C71500,,372,138,45,,105000,40000,0.32,8800,,,
Copper Alloy C72200,,317,124,46,,105000,40000,0.32,8800,,,
Copper Alloy C72500,,379,152,35,,105000,40000,0.32,8800,,,
Copper Alloy C73500,,345,103,37,,105000,40000,0.32,8800,,,
Copper Alloy C74500,,338,124,50,,105000,40000,0.32,8800,,,
Copper Alloy C75200,,386,172,45,,105000,40000,0.32,8800,,,
Copper Alloy C75400,,365,124,43,,105000,40000,0.32,8800,,,
Copper Alloy C75700,,359,124,48,,105000,40000,0.32,8800,,,
Copper Alloy C76390,,621,586,6,,105000,40000,0.32,8800,,,
Copper Alloy C77000,,414,186,40,,105000,40000,0.32,8800,,,
Copper Alloy C78200,,365,159,40,,105000,40000,0.32,8800,,,
Aluminum Alloy. 201.,Cast (T7),414,345,3,110,73000,26000,0.33,2700,,,
Aluminum Alloy. 204.0,Cast (T4),310,193,6,,73000,26000,0.33,2700,,,
Aluminum Alloy. 208.0,Cast (F),131,83,1.5,40,73000,26000,0.33,2700,,,
Aluminum Alloy. 242.0,Cast (T61),221,138,,90,73000,26000,0.33,2700,,,
Aluminum Alloy. 242.0,Cast (T77),165,90,1,60,73000,26000,0.33,2700,,,
Aluminum Alloy. 295.0,Cast (T4),200,90,6,45,73000,26000,0.33,2700,,,
Aluminum Alloy. 295.0,Cast (T6),221,138,3,60,73000,26000,0.33,2700,,,
Aluminum Alloy. 295.0,Cast (T62),248,193,,80,73000,26000,0.33,2700,,,
Aluminum Alloy. 295.0,Cast (T7),200,110,3,55,73000,26000,0.33,2700,,,
Aluminum Alloy. 319.0,Cast (F),159,90,1.5,55,73000,26000,0.33,2700,,,
Aluminum Alloy. 319.0,Cast (T6),214,138,1.5,65,73000,26000,0.33,2700,,,
Aluminum Alloy. 328.0,Cast (F),172,97,1,45,73000,26000,0.33,2700,,,
Aluminum Alloy. 328.0,Cast (T6),234,145,1,65,73000,26000,0.33,2700,,,
Aluminum Alloy. 355.0,Cast (T51),172,124,,50,73000,26000,0.33,2700,,,
Aluminum Alloy. 355.0,Cast (T6),221,138,2,70,73000,26000,0.33,2700,,,
Aluminum Alloy. 355.0,Cast (T71),207,152,,60,73000,26000,0.33,2700,,,
Aluminum Alloy. C355.0,Cast (T6),248,172,2.5,75,73000,26000,0.33,2700,,,
Aluminum Alloy. 356.0,Cast (T51),159,110,,45,73000,26000,0.33,2700,,,
Aluminum Alloy. 356.0,Cast (T6),207,138,3,55,73000,26000,0.33,2700,,,
Aluminum Alloy. 356.0,Cast (T7),214,200,,60,73000,26000,0.33,2700,,,
Aluminum Alloy. 356.0,Cast (T71),172,124,3,45,73000,26000,0.33,2700,,,
Aluminum Alloy. A356.0,Cast (T6),234,165,3.5,70,73000,26000,0.33,2700,,,
Aluminum Alloy. 443.0,Cast (F),117,48,3,25,73000,26000,0.33,2700,,,
Aluminum Alloy. B443.0,Cast (F),117,41,3,25,73000,26000,0.33,2700,,,
Aluminum Alloy. 512.0,Cast (F),117,69,,35,73000,26000,0.33,2700,,,
Aluminum Alloy. 514.0,Cast (F),152,62,6,35,73000,26000,0.33,2700,,,
Aluminum Alloy. 520.0,Cast (T4),290,152,12,60,73000,26000,0.33,2700,,,
Aluminum Alloy. 535.0,Cast (F or T5),241,124,9,60,73000,26000,0.33,2700,,,
Aluminum Alloy. 705.0,Cast (F or T5),207,117,5,50,73000,26000,0.33,2700,,,
Aluminum Alloy. 707.0,Cast (T5),228,152,2,70,73000,26000,0.33,2700,,,
Aluminum Alloy. 707.0,Cast (T7),255,207,1,65,73000,26000,0.33,2700,,,
Aluminum Alloy. 710.0,Cast (F or T5),221,138,2,60,73000,26000,0.33,2700,,,
Aluminum Alloy. 712.0,Cast (F or T5),234,172,4,60,73000,26000,0.33,2700,,,
Aluminum Alloy. 713.0,Cast (F or T5),221,152,3,60,73000,26000,0.33,2700,,,
Aluminum Alloy. 771.0,Cast (T5),290,262,1.5,85,73000,26000,0.33,2700,,,
Aluminum Alloy. 771.0,Cast (T51),221,186,3,70,73000,26000,0.33,2700,,,
Aluminum Alloy. 771.0,Cast (T52),248,207,1.5,70,73000,26000,0.33,2700,,,
Aluminum Alloy. 771.0,Cast (T53),248,186,1.5,,73000,26000,0.33,2700,,,
Aluminum Alloy. 771.0,Cast (T6),290,241,5,75,73000,26000,0.33,2700,,,
Aluminum Alloy. 771.0,Cast (T71),331,310,2,105,73000,26000,0.33,2700,,,
Aluminum Alloy. 852.0,Cast (T5),165,124,,45,73000,26000,0.33,2700,,,
Aluminum Alloy 1060-O,Wrought,69,28,43,19,73000,26000,0.33,2700,,,
Aluminum Alloy 1060-H12,Wrought,83,76,16,23,73000,26000,0.33,2700,,,
Aluminum Alloy 1060-H14,Wrought,97,90,12,26,73000,26000,0.33,2700,,,
Aluminum Alloy 1060-H16,Wrought,110,103,8,30,73000,26000,0.33,2700,,,
Aluminum Alloy 1060-H18,Wrought,131,124,6,35,73000,26000,0.33,2700,,,
Aluminum Alloy 1100-O,Wrought,90,34,35,23,73000,26000,0.33,2700,,,
Aluminum Alloy 1100-H12,Wrought,110,103,12,28,73000,26000,0.33,2700,,,
Aluminum Alloy 1100-H14,Wrought,124,117,9,32,73000,26000,0.33,2700,,,
Aluminum Alloy 1100-H16,Wrought,145,138,6,38,73000,26000,0.33,2700,,,
Aluminum Alloy 1100-H18,Wrought,165,152,5,44,73000,26000,0.33,2700,,,
Aluminum Alloy 1350-O,Wrought,83,28,,,73000,26000,0.33,2700,,,
Aluminum Alloy 1350-H12,Wrought,97,83,,,73000,26000,0.33,2700,,,
Aluminum Alloy 1350-H14,Wrought,110,97,,,73000,26000,0.33,2700,,,
Aluminum Alloy 1350-H16,Wrought,124,110,,,73000,26000,0.33,2700,,,
Aluminum Alloy 1350-H19,Wrought,186,165,,,73000,26000,0.33,2700,,,
Aluminum Alloy 2011-T3,Wrought,379,296,15,95,73000,26000,0.33,2700,,,
Aluminum Alloy 2011-T8,Wrought,407,310,12,100,73000,26000,0.33,2700,,,
Aluminum Alloy 2014-O,Wrought,186,97,18,45,73000,26000,0.33,2700,,,
Aluminum Alloy 2014-T4,Wrought,427,290,20,105,73000,26000,0.33,2700,,,
Aluminum Alloy 2014-T451,Wrought,427,290,20,105,73000,26000,0.33,2700,,,
Aluminum Alloy 2014-T6,Wrought,483,414,13,135,73000,26000,0.33,2700,,,
Aluminum Alloy 2014-T651,Wrought,483,414,13,135,73000,26000,0.33,2700,,,
Aluminum Alloy Alclad 2014-O,Wrought,172,69,21,,73000,26000,0.33,2700,,,
Aluminum Alloy Alclad 2014-T3,Wrought,434,276,20,,73000,26000,0.33,2700,,,
Aluminum Alloy Alclad 2014-T4,Wrought,421,255,22,,73000,26000,0.33,2700,,,
Aluminum Alloy Alclad 2014-T451,Wrought,421,255,22,,73000,26000,0.33,2700,,,
Aluminum Alloy Alclad 2014-T6,Wrought,469,414,10,,73000,26000,0.33,2700,,,
Aluminum Alloy Alclad 2014-T651,Wrought,469,414,10,,73000,26000,0.33,2700,,,
Aluminum Alloy 2017-O,Wrought,179,69,22,45,73000,26000,0.33,2700,,,
Aluminum Alloy 2017-T4,Wrought,427,276,22,105,73000,26000,0.33,2700,,,
Aluminum Alloy 2017-T451,Wrought,427,276,22,105,73000,26000,0.33,2700,,,
Aluminum Alloy 2018-T61,Wrought,421,317,12,120,73000,26000,0.33,2700,,,
Aluminum Alloy 2024-O,Wrought,186,76,20,47,73000,26000,0.33,2700,,,
Aluminum Alloy 2024-T3,Wrought,483,345,18,120,73000,26000,0.33,2700,,,
Aluminum Alloy 2024-T351,Wrought,469,324,20,120,73000,26000,0.33,2700,,,
Aluminum Alloy 2024-T4,Wrought,469,324,20,120,73000,26000,0.33,2700,,,
Aluminum Alloy 2024-T361,Wrought,496,393,13,130,73000,26000,0.33,2700,,,
Aluminum Alloy Alclad 2024-O,Wrought,179,76,20,,73000,26000,0.33,2700,,,
Aluminum Alloy Alclad 2024-T3,Wrought,448,310,18,,73000,26000,0.33,2700,,,
Aluminum Alloy Alclad 2024-T351,Wrought,441,290,19,,73000,26000,0.33,2700,,,
Aluminum Alloy Alclad 2024-T4,Wrought,441,290,19,,73000,26000,0.33,2700,,,
Aluminum Alloy Alclad 202024-T361,Wrought,462,365,11,,73000,26000,0.33,2700,,,
Aluminum Alloy Alclad 2024-T81,Wrought,448,414,6,,73000,26000,0.33,2700,,,
Aluminum Alloy Alclad 2024-T851,Wrought,448,414,6,,73000,26000,0.33,2700,,,
Aluminum Alloy Alclad 2024-T861,Wrought,483,455,6,,73000,26000,0.33,2700,,,
Aluminum Alloy 2025-T6,Wrought,400,255,19,110,73000,26000,0.33,2700,,,
Aluminum Alloy 2036-T4,Wrought,338,193,24,,73000,26000,0.33,2700,,,
Aluminum Alloy 2117-T4,Wrought,296,165,27,70,73000,26000,0.33,2700,,,
Aluminum Alloy 2218-T72,Wrought,331,255,11,95,73000,26000,0.33,2700,,,
Aluminum Alloy 2219-O,Wrought,172,76,18,,73000,26000,0.33,2700,,,
Aluminum Alloy 2219-T42,Wrought,359,186,20,,73000,26000,0.33,2700,,,
Aluminum Alloy 2219-T31,Wrought,359,248,17,,73000,26000,0.33,2700,,,
Aluminum Alloy 2219-T351,Wrought,359,248,17,,73000,26000,0.33,2700,,,
Aluminum Alloy 2219-T37,Wrought,393,317,11,,73000,26000,0.33,2700,,,
Aluminum Alloy 2219-T62,Wrought,414,290,10,,73000,26000,0.33,2700,,,
Aluminum Alloy 2219-T81,Wrought,455,352,10,,73000,26000,0.33,2700,,,
Aluminum Alloy 2219-T851,Wrought,455,352,10,,73000,26000,0.33,2700,,,
Aluminum Alloy 2219-T87,Wrought,476,393,10,,73000,26000,0.33,2700,,,
Aluminum Alloy 3003-O,Wrought,110,41,30,28,73000,26000,0.33,2700,,,
Aluminum Alloy 3003-H12,Wrought,131,124,10,35,73000,26000,0.33,2700,,,
Aluminum Alloy 3003-H14,Wrought,152,145,8,40,73000,26000,0.33,2700,,,
Aluminum Alloy 3003-H16,Wrought,179,172,5,47,73000,26000,0.33,2700,,,
Aluminum Alloy 3003-H18,Wrought,200,186,4,55,73000,26000,0.33,2700,,,
Aluminum Alloy Alclad 3003-O,Wrought,110,41,30,,73000,26000,0.33,2700,,,
Aluminum Alloy Alclad 3003-H12,Wrought,131,124,10,,73000,26000,0.33,2700,,,
Aluminum Alloy Alclad 3003-H14,Wrought,152,145,8,,73000,26000,0.33,2700,,,
Aluminum Alloy Alclad 3003-H16,Wrought,179,172,5,,73000,26000,0.33,2700,,,
Aluminum Alloy Alclad 3003-H18,Wrought,200,186,4,,73000,26000,0.33,2700,,,
Aluminum Alloy 3004-O,Wrought,179,69,20,45,73000,26000,0.33,2700,,,
Aluminum Alloy 3004-H32,Wrought,214,172,10,52,73000,26000,0.33,2700,,,
Aluminum Alloy 3004-H34,Wrought,241,200,9,63,73000,26000,0.33,2700,,,
Aluminum Alloy 3004-H36,Wrought,262,228,5,70,73000,26000,0.33,2700,,,
Aluminum Alloy 3004-H38,Wrought,283,248,5,77,73000,26000,0.33,2700,,,
Aluminum Alloy Alclad 3004-O,Wrought,179,69,20,,73000,26000,0.33,2700,,,
Aluminum Alloy Alclad 3004-H32,Wrought,214,172,10,,73000,26000,0.33,2700,,,
Aluminum Alloy Alclad 3004-H34,Wrought,241,200,9,,73000,26000,0.33,2700,,,
Aluminum Alloy Alclad 3004-H36,Wrought,262,228,5,,73000,26000,0.33,2700,,,
Aluminum Alloy Alclad 3004-H38,Wrought,283,248,5,,73000,26000,0.33,2700,,,
Aluminum Alloy 3105-O,Wrought,117,55,24,,73000,26000,0.33,2700,,,
Aluminum Alloy 3105-H12,Wrought,152,131,7,,73000,26000,0.33,2700,,,
Aluminum Alloy 3105-H14,Wrought,172,152,5,,73000,26000,0.33,2700,,,
Aluminum Alloy 3105-H16,Wrought,193,172,4,,73000,26000,0.33,2700,,,
Aluminum Alloy 3105-H18,Wrought,214,193,3,,73000,26000,0.33,2700,,,
Aluminum Alloy 3105-H25,Wrought,179,159,8,,73000,26000,0.33,2700,,,
Aluminum Alloy 4032-T6,Wrought,379,317,9,120,73000,26000,0.33,2700,,,
Aluminum Alloy 5005-O,Wrought,124,41,25,28,73000,26000,0.33,2700,,,
Aluminum Alloy 5005-H12,Wrought,138,131,10,,73000,26000,0.33,2700,,,
Aluminum Alloy 5005-H14,Wrought,159,152,6,,73000,26000,0.33,2700,,,
Aluminum Alloy 5005-H16,Wrought,179,172,5,,73000,26000,0.33,2700,,,
Aluminum Alloy 5005-H18,Wrought,200,193,4,,73000,26000,0.33,2700,,,
Aluminum Alloy 5005-H32,Wrought,138,117,11,36,73000,26000,0.33,2700,,,
Aluminum Alloy 5005-H34,Wrought,159,138,8,41,73000,26000,0.33,2700,,,
Aluminum Alloy 5005-H36,Wrought,179,165,6,46,73000,26000,0.33,2700,,,
Aluminum Alloy 5005-H38,Wrought,200,186,5,51,73000,26000,0.33,2700,,,
Aluminum Alloy 5050-O,Wrought,145,55,24,36,73000,26000,0.33,2700,,,
Aluminum Alloy 5050-H32,Wrought,172,145,9,46,73000,26000,0.33,2700,,,
Aluminum Alloy 5050-H34,Wrought,193,165,8,53,73000,26000,0.33,2700,,,
Aluminum Alloy 5050-H36,Wrought,207,179,7,58,73000,26000,0.33,2700,,,
Aluminum Alloy 5050-H38,Wrought,221,200,6,63,73000,26000,0.33,2700,,,
Aluminum Alloy 5052-O,Wrought,193,90,25,47,73000,26000,0.33,2700,,,
Aluminum Alloy 5052-H32,Wrought,228,193,12,60,73000,26000,0.33,2700,,,
Aluminum Alloy 5052-H34,Wrought,262,214,10,68,73000,26000,0.33,2700,,,
Aluminum Alloy 5052-H36,Wrought,276,241,8,73,73000,26000,0.33,2700,,,
Aluminum Alloy 5052-H38,Wrought,290,255,7,77,73000,26000,0.33,2700,,,
Aluminum Alloy 5056-O,Wrought,290,152,35,65,73000,26000,0.33,2700,,,
Aluminum Alloy 5056-H18,Wrought,434,407,10,105,73000,26000,0.33,2700,,,
Aluminum Alloy 5056-H38,Wrought,414,345,15,100,73000,26000,0.33,2700,,,
Aluminum Alloy 5083-O,Wrought,290,145,22,,73000,26000,0.33,2700,,,
Aluminum Alloy 5083-H116,Wrought,317,228,16,,73000,26000,0.33,2700,,,
Aluminum Alloy 5083-H321,Wrought,317,228,16,,73000,26000,0.33,2700,,,
Aluminum Alloy 5086-O,Wrought,262,117,22,,73000,26000,0.33,2700,,,
Aluminum Alloy 5086-H32,Wrought,290,207,12,,73000,26000,0.33,2700,,,
Aluminum Alloy 5086-H34,Wrought,324,255,10,,73000,26000,0.33,2700,,,
Aluminum Alloy 5086-H112,Wrought,269,131,14,,73000,26000,0.33,2700,,,
Aluminum Alloy 5086-H116,Wrought,290,207,12,,73000,26000,0.33,2700,,,
Aluminum Alloy 5154-O,Wrought,241,117,27,58,73000,26000,0.33,2700,,,
Aluminum Alloy 5154-H32,Wrought,269,207,15,67,73000,26000,0.33,2700,,,
Aluminum Alloy 5154-H34,Wrought,290,228,13,73,73000,26000,0.33,2700,,,
Aluminum Alloy 5154-H36,Wrought,310,248,12,78,73000,26000,0.33,2700,,,
Aluminum Alloy 5154-H38,Wrought,331,269,10,80,73000,26000,0.33,2700,,,
Aluminum Alloy 5154-H112,Wrought,241,117,25,63,73000,26000,0.33,2700,,,
Aluminum Alloy 5252-H25,Wrought,234,172,11,68,73000,26000,0.33,2700,,,
Aluminum Alloy 5252-H28,Wrought,283,241,5,75,73000,26000,0.33,2700,,,
Aluminum Alloy 5252-H38,Wrought,283,241,5,75,73000,26000,0.33,2700,,,
Aluminum Alloy 5254-O,Wrought,241,117,27,58,73000,26000,0.33,2700,,,
Aluminum Alloy 5254-H32,Wrought,269,207,15,67,73000,26000,0.33,2700,,,
Aluminum Alloy 5254-H34,Wrought,290,228,13,73,73000,26000,0.33,2700,,,
Aluminum Alloy 5254-H36,Wrought,310,248,12,78,73000,26000,0.33,2700,,,
Aluminum Alloy 5254-H38,Wrought,331,269,10,80,73000,26000,0.33,2700,,,
Aluminum Alloy 5254-H112,Wrought,241,117,25,63,73000,26000,0.33,2700,,,
Aluminum Alloy 5454-O,Wrought,248,117,22,62,73000,26000,0.33,2700,,,
Aluminum Alloy 5454-H32,Wrought,276,207,10,73,73000,26000,0.33,2700,,,
Aluminum Alloy 5454-H34,Wrought,303,241,10,81,73000,26000,0.33,2700,,,
Aluminum Alloy 5454-H111,Wrought,262,179,14,70,73000,26000,0.33,2700,,,
Aluminum Alloy 5454-H112,Wrought,248,124,18,62,73000,26000,0.33,2700,,,
Aluminum Alloy 5456-O,Wrought,310,159,24,,73000,26000,0.33,2700,,,
Aluminum Alloy 5456-H112,Wrought,310,165,22,,73000,26000,0.33,2700,,,
Aluminum Alloy 5456-H116,Wrought,352,255,16,90,73000,26000,0.33,2700,,,
Aluminum Alloy 5456-H321,Wrought,352,255,16,90,73000,26000,0.33,2700,,,
Aluminum Alloy 5457-O,Wrought,131,48,22,32,73000,26000,0.33,2700,,,
Aluminum Alloy 5457-H25,Wrought,179,159,12,48,73000,26000,0.33,2700,,,
Aluminum Alloy 5457-H28,Wrought,207,186,6,55,73000,26000,0.33,2700,,,
Aluminum Alloy 5457-H38,Wrought,207,186,6,55,73000,26000,0.33,2700,,,
Aluminum Alloy 5652-O,Wrought,193,90,25,47,73000,26000,0.33,2700,,,
Aluminum Alloy 5652-H32,Wrought,228,193,12,60,73000,26000,0.33,2700,,,
Aluminum Alloy 5652-H34,Wrought,262,214,10,68,73000,26000,0.33,2700,,,
Aluminum Alloy 5652-H36,Wrought,276,241,8,73,73000,26000,0.33,2700,,,
Aluminum Alloy 5652-H38,Wrought,290,255,7,77,73000,26000,0.33,2700,,,
Aluminum Alloy 5657-H25,Wrought,159,138,12,40,73000,26000,0.33,2700,,,
Aluminum Alloy 5657-H28,Wrought,193,165,7,50,73000,26000,0.33,2700,,,
Aluminum Alloy 5657-H38,Wrought,193,165,7,50,73000,26000,0.33,2700,,,
Aluminum Alloy 6061-O,Wrought,124,55,25,30,73000,26000,0.33,2700,,,
Aluminum Alloy 6061-T4,Wrought,241,145,22,65,73000,26000,0.33,2700,,,
Aluminum Alloy 6061-T451,Wrought,241,145,22,65,73000,26000,0.33,2700,,,
Aluminum Alloy 6061-T6,Wrought,310,276,12,95,73000,26000,0.33,2700,,,
Aluminum Alloy 6061-T651,Wrought,310,276,12,95,73000,26000,0.33,2700,,,
Aluminum Alloy Alclad 6061-O,Wrought,117,48,25,,73000,26000,0.33,2700,,,
Aluminum Alloy Alclad 6061-T4,Wrought,228,131,22,,73000,26000,0.33,2700,,,
Aluminum Alloy Alclad 6061-T451,Wrought,228,131,22,,73000,26000,0.33,2700,,,
Aluminum Alloy Alclad 6061-T6,Wrought,290,255,12,,73000,26000,0.33,2700,,,
Aluminum Alloy Alclad 6061-T651,Wrought,290,255,12,,73000,26000,0.33,2700,,,
Aluminum Alloy 6063-O,Wrought,90,48,,25,73000,26000,0.33,2700,,,
Aluminum Alloy 6063-T1,Wrought,152,90,20,42,73000,26000,0.33,2700,,,
Aluminum Alloy 6063-T4,Wrought,172,90,22,,73000,26000,0.33,2700,,,
Aluminum Alloy 6063-T5,Wrought,186,145,12,60,73000,26000,0.33,2700,,,
Aluminum Alloy 6063-T6,Wrought,241,214,12,73,73000,26000,0.33,2700,,,
Aluminum Alloy 6063-T83,Wrought,255,241,9,82,73000,26000,0.33,2700,,,
Aluminum Alloy 6063-T831,Wrought,207,186,10,70,73000,26000,0.33,2700,,,
Aluminum Alloy 6063-T832,Wrought,290,269,12,95,73000,26000,0.33,2700,,,
Aluminum Alloy 6066-O,Wrought,152,83,18,43,73000,26000,0.33,2700,,,
Aluminum Alloy 6066-T4,Wrought,359,207,18,90,73000,26000,0.33,2700,,,
Aluminum Alloy 6066-T451,Wrought,359,207,18,90,73000,26000,0.33,2700,,,
Aluminum Alloy 6066-T6,Wrought,393,359,12,120,73000,26000,0.33,2700,,,
Aluminum Alloy 6066-T651,Wrought,393,359,12,120,73000,26000,0.33,2700,,,
Aluminum Alloy 6070-T6,Wrought,379,352,10,,73000,26000,0.33,2700,,,
Aluminum Alloy 6101-H111,Wrought,97,76,,,73000,26000,0.33,2700,,,
Aluminum Alloy 6101-T6,Wrought,221,193,15,71,73000,26000,0.33,2700,,,
Aluminum Alloy 6262-T9,Wrought,400,379,10,120,73000,26000,0.33,2700,,,
Aluminum Alloy 6351-T4,Wrought,248,152,20,,73000,26000,0.33,2700,,,
Aluminum Alloy 6351-T6,Wrought,310,283,14,95,73000,26000,0.33,2700,,,
Aluminum Alloy 6463-T1,Wrought,152,90,20,42,73000,26000,0.33,2700,,,
Aluminum Alloy 6463-T5,Wrought,186,145,12,60,73000,26000,0.33,2700,,,
Aluminum Alloy 6463-T6,Wrought,241,214,12,74,73000,26000,0.33,2700,,,
Aluminum Alloy 7049-T73,Wrought,517,448,12,135,73000,26000,0.33,2700,,,
Aluminum Alloy 7049-T7352,Wrought,517,434,11,135,73000,26000,0.33,2700,,,
Aluminum Alloy 7050-T73510,Wrought,496,434,12,,73000,26000,0.33,2700,,,
Aluminum Alloy 7050-T7451f,Wrought,524,469,11,,73000,26000,0.33,2700,,,
Aluminum Alloy 7050-T7651,Wrought,552,490,11,,73000,26000,0.33,2700,,,
Aluminum Alloy 7075-O,Wrought,228,103,17,60,73000,26000,0.33,2700,,,
Aluminum Alloy 7075-T6,Wrought,572,503,11,150,73000,26000,0.33,2700,,,
Aluminum Alloy 7075-T651,Wrought,572,503,11,150,73000,26000,0.33,2700,,,
Aluminum Alloy Alclad 7075-O,Wrought,221,97,17,,73000,26000,0.33,2700,,,
Aluminum Alloy Alclad 7075-T6,Wrought,524,462,11,,73000,26000,0.33,2700,,,
Aluminum Alloy Alclad 7075-T651,Wrought,524,462,11,,73000,26000,0.33,2700,,,
Aluminum Alloy 7178-O,Wrought,228,103,15,,73000,26000,0.33,2700,,,
Aluminum Alloy 7178-T6,Wrought,607,538,10,,73000,26000,0.33,2700,,,
Aluminum Alloy 7178-T651,Wrought,607,538,10,,73000,26000,0.33,2700,,,
Aluminum Alloy 7178-T76,Wrought,572,503,10,,73000,26000,0.33,2700,,,
Aluminum Alloy 7178-T7651,Wrought,572,503,10,,73000,26000,0.33,2700,,,
Aluminum Alloy Alclad 7178-O,Wrought,221,97,16,,73000,26000,0.33,2700,,,
Aluminum Alloy Alclad 7178-T6,Wrought,558,490,10,,73000,26000,0.33,2700,,,
Aluminum Alloy Alclad 7178-T651,Wrought,558,490,10,,73000,26000,0.33,2700,,,
Aluminum Alloy 8176-H24,Wrought,117,97,15,,73000,26000,0.33,2700,,,
Magnesium Alloy AM100A-T61,sand casting,276,152,1,,73000,26000,0.33,1750,,,
Magnesium Alloy AZ63A-T6,sand casting,276,97,12,,73000,26000,0.33,1750,,,
Magnesium Alloy AZ81A-T4,sand casting,276,83,15,,73000,26000,0.33,1750,,,
Magnesium Alloy AZ91C-T6,sand casting,276,145,6,,73000,26000,0.33,1750,,,
Magnesium Alloy AZ91E-T6,sand casting,276,145,6,,73000,26000,0.33,1750,,,
Magnesium Alloy AZ92A-T6,sand casting,276,152,3,,73000,26000,0.33,1750,,,
Magnesium Alloy EZ33A-T5,sand casting,159,110,3,,73000,26000,0.33,1750,,,
Magnesium Alloy HK31A-T6,sand casting,221,103,8,,73000,26000,0.33,1750,,,
Magnesium Alloy HZ32A-T6,sand casting,186,90,4,,73000,26000,0.33,1750,,,
Magnesium Alloy K1A-F,sand casting,179,55,19,,73000,26000,0.33,1750,,,
Magnesium Alloy QE22A-T6,sand casting,262,193,3,,73000,26000,0.33,1750,,,
Magnesium Alloy QH21A-T6,sand casting,276,207,4,,73000,26000,0.33,1750,,,
Magnesium Alloy ZE41A-T5,sand casting,207,138,4,,73000,26000,0.33,1750,,,
Magnesium Alloy ZE63A-T6,sand casting,303,193,10,,73000,26000,0.33,1750,,,
Magnesium Alloy ZH62A-T5,sand casting,241,152,4,,73000,26000,0.33,1750,,,
Magnesium Alloy ZK51A-T5,sand casting,207,138,4,,73000,26000,0.33,1750,,,
Magnesium Alloy ZK61A-T6,sand casting,310,193,10,,73000,26000,0.33,1750,,,
Magnesium Alloy WE54A-F,sand casting,276,200,4,,73000,26000,0.33,1750,,,
Magnesium Alloy AZ91A-F,pressure die casting,234,159,3,,73000,26000,0.33,1750,,,
Magnesium Alloy AZ91B-FAZ91B-F,pressure die casting,234,159,3,,73000,26000,0.33,1750,,,
Magnesium Alloy AZ91D-F,pressure die casting,234,159,3,,73000,26000,0.33,1750,,,
Magnesium Alloy AM60A-F,pressure die casting,221,131,8,,73000,26000,0.33,1750,,,
Magnesium Alloy AM60B-F,pressure die casting,221,131,8,,73000,26000,0.33,1750,,,
Magnesium Alloy AS41A-F,pressure die casting,214,138,6,,73000,26000,0.33,1750,,,
Magnesium Alloy AZ10A-F,As extruded,241,145,10,,73000,26000,0.33,1750,,,
Magnesium Alloy AZ31B-F,As extruded,262,200,15,,73000,26000,0.33,1750,,,
Magnesium Alloy AZ31C-F,As extruded,262,200,15,,73000,26000,0.33,1750,,,
Magnesium Alloy AZ61A-F,As extruded,310,228,16,,73000,26000,0.33,1750,,,
Magnesium Alloy AZ80A-T5,As extruded,379,276,7,,73000,26000,0.33,1750,,,
Magnesium Alloy HM31A-F,As extruded,290,228,10,,73000,26000,0.33,1750,,,
Magnesium Alloy M1A-F,As extruded,255,179,12,,73000,26000,0.33,1750,,,
Magnesium Alloy ZK40A-T5,As extruded,276,255,4,,73000,26000,0.33,1750,,,
Magnesium Alloy ZK60A-F,As extruded,352,283,11,,73000,26000,0.33,1750,,,
Magnesium Alloy AZ31B-H24,,290,221,15,,73000,26000,0.33,1750,,,
Magnesium Alloy AZ31C-H24,,290,221,15,,73000,26000,0.33,1750,,,
Magnesium Alloy HK31A-H24,,262,207,9,,73000,26000,0.33,1750,,,
Magnesium Alloy HM21A-T8,,234,172,11,,73000,26000,0.33,1750,,,
Grey cast iron,,150,150,,,85000,34000,0.25,7160,270,Grey cast iron,190
Grey cast iron,,200,200,,,85000,34000,0.25,7160,340,Grey cast iron,210
Grey cast iron,,250,250,,,85000,34000,0.25,7160,400,Grey cast iron,230
Grey cast iron,,300,300,,,85000,34000,0.25,7160,460,Grey cast iron,250
Grey cast iron,,350,350,,,85000,34000,0.25,7160,520,Grey cast iron,260
Nodular cast iron,,500,320,,,169000,70000,0.2,7160,400,Nodular cast iron,180
Nodular cast iron,,600,370,,,169000,70000,0.2,7160,480,Nodular cast iron,210
Nodular cast iron,,700,420,,,169000,70000,0.2,7160,560,Nodular cast iron,230
Nodular cast iron,,800,480,,,169000,70000,0.2,7160,600,Nodular cast iron,240
Malleable cast iron,,400,180,4,,160000,64000,0.27,7160,300,Malleable cast iron,220
Malleable cast iron,,500,260,4,,160000,64000,0.27,7160,370,Malleable cast iron,230
Grey cast iron,,150,150,,,85000,34000,0.25,7160,270,Grey cast iron,190
Grey cast iron,,200,200,,,85000,34000,0.25,7160,340,Grey cast iron,210
Grey cast iron,,250,250,,,85000,34000,0.25,7160,400,Grey cast iron,230
Grey cast iron,,300,300,,,85000,34000,0.25,7160,460,Grey cast iron,250
Grey cast iron,,350,350,,,85000,34000,0.25,7160,520,Grey cast iron,260
Nodular cast iron,,500,320,,,169000,70000,0.2,7160,400,Nodular cast iron,180
Nodular cast iron,,600,370,,,169000,70000,0.2,7160,480,Nodular cast iron,210
Nodular cast iron,,700,420,,,169000,70000,0.2,7160,560,Nodular cast iron,230
Nodular cast iron,,800,480,,,169000,70000,0.2,7160,600,Nodular cast iron,240
Malleable cast iron,,400,180,4,,160000,64000,0.27,7160,300,Malleable cast iron,220
Malleable cast iron,,500,260,4,,160000,64000,0.27,7160,370,Malleable cast iron,230